{
  "trained_at": "2026-02-03T22:24:16.024705",
  "train_period": "July 1 - August 22, 1995",
  "test_period": "August 23 - August 31, 1995",
  "models": {
    "prophet_requests": {
      "rmse": 86.62710337639334,
      "mae": 63.80426286382984,
      "mape": 45.05255240847548
    },
    "prophet_bytes": {
      "rmse": 1675164.289249683,
      "mae": 1244875.2428876788,
      "mape": 53.94689143320465
    },
    "xgb_requests": {
      "rmse": 43.131224929575936,
      "mae": 32.364572129867696,
      "mape": 25.82736927174361
    },
    "xgb_bytes": {
      "rmse": 1173044.8256104651,
      "mae": 894855.9406105324,
      "mape": 39.150933513446944
    }
  }
}